{
  "Click \"Chairs\" tab" : {
    "transaction" : "Click \"Chairs\" tab",
    "sampleCount" : 25,
    "errorCount" : 0,
    "errorPct" : 0.0,
    "meanResTime" : 69.08,
    "medianResTime" : 71.0,
    "minResTime" : 51.0,
    "maxResTime" : 85.0,
    "pct1ResTime" : 80.2,
    "pct2ResTime" : 84.1,
    "pct3ResTime" : 85.0,
    "throughput" : 0.07582305930879699,
    "receivedKBytesPerSec" : 3.415665920757321,
    "sentKBytesPerSec" : 0.048426055456985584
  },
  "open the application" : {
    "transaction" : "open the application",
    "sampleCount" : 25,
    "errorCount" : 0,
    "errorPct" : 0.0,
    "meanResTime" : 73.15999999999998,
    "medianResTime" : 72.0,
    "minResTime" : 60.0,
    "maxResTime" : 110.0,
    "pct1ResTime" : 82.4,
    "pct2ResTime" : 102.79999999999998,
    "pct3ResTime" : 110.0,
    "throughput" : 0.07613594834937264,
    "receivedKBytesPerSec" : 3.9473961267739672,
    "sentKBytesPerSec" : 0.03635788939730783
  },
  "S01_TASK_T04_place_order" : {
    "transaction" : "S01_TASK_T04_place_order",
    "sampleCount" : 25,
    "errorCount" : 0,
    "errorPct" : 0.0,
    "meanResTime" : 225.35999999999999,
    "medianResTime" : 223.0,
    "minResTime" : 201.0,
    "maxResTime" : 258.0,
    "pct1ResTime" : 249.20000000000002,
    "pct2ResTime" : 255.9,
    "pct3ResTime" : 258.0,
    "throughput" : 0.0756246596890314,
    "receivedKBytesPerSec" : 10.61809215999153,
    "sentKBytesPerSec" : 0.6959772880240789
  },
  "Navigate to \"Tables\" tab" : {
    "transaction" : "Navigate to \"Tables\" tab",
    "sampleCount" : 25,
    "errorCount" : 0,
    "errorPct" : 0.0,
    "meanResTime" : 58.879999999999995,
    "medianResTime" : 59.0,
    "minResTime" : 55.0,
    "maxResTime" : 65.0,
    "pct1ResTime" : 62.800000000000004,
    "pct2ResTime" : 64.7,
    "pct3ResTime" : 65.0,
    "throughput" : 0.07599962304186972,
    "receivedKBytesPerSec" : 3.709360507821881,
    "sentKBytesPerSec" : 0.04853882174744413
  },
  "Fetch country-states" : {
    "transaction" : "Fetch country-states",
    "sampleCount" : 25,
    "errorCount" : 0,
    "errorPct" : 0.0,
    "meanResTime" : 21.36,
    "medianResTime" : 21.0,
    "minResTime" : 20.0,
    "maxResTime" : 28.0,
    "pct1ResTime" : 23.400000000000002,
    "pct2ResTime" : 26.799999999999997,
    "pct3ResTime" : 28.0,
    "throughput" : 0.07572430295779127,
    "receivedKBytesPerSec" : 0.18213765447757804,
    "sentKBytesPerSec" : 0.046810042746369025
  },
  "Open a table product cart (click on a table)" : {
    "transaction" : "Open a table product cart (click on a table)",
    "sampleCount" : 25,
    "errorCount" : 0,
    "errorPct" : 0.0,
    "meanResTime" : 65.56,
    "medianResTime" : 66.0,
    "minResTime" : 54.0,
    "maxResTime" : 75.0,
    "pct1ResTime" : 74.0,
    "pct2ResTime" : 74.7,
    "pct3ResTime" : 75.0,
    "throughput" : 0.07603706959216758,
    "receivedKBytesPerSec" : 3.294009020277566,
    "sentKBytesPerSec" : 0.04999140305881924
  },
  "Add table to Cart (click \"Add to Cart\" button)" : {
    "transaction" : "Add table to Cart (click \"Add to Cart\" button)",
    "sampleCount" : 25,
    "errorCount" : 0,
    "errorPct" : 0.0,
    "meanResTime" : 31.120000000000005,
    "medianResTime" : 29.0,
    "minResTime" : 25.0,
    "maxResTime" : 39.0,
    "pct1ResTime" : 39.0,
    "pct2ResTime" : 39.0,
    "pct3ResTime" : 39.0,
    "throughput" : 0.0761835108409136,
    "receivedKBytesPerSec" : 0.046275530999070565,
    "sentKBytesPerSec" : 0.056408533124590515
  },
  "Open random chair" : {
    "transaction" : "Open random chair",
    "sampleCount" : 25,
    "errorCount" : 0,
    "errorPct" : 0.0,
    "meanResTime" : 55.879999999999995,
    "medianResTime" : 55.0,
    "minResTime" : 50.0,
    "maxResTime" : 67.0,
    "pct1ResTime" : 62.800000000000004,
    "pct2ResTime" : 66.1,
    "pct3ResTime" : 67.0,
    "throughput" : 0.07562191462588326,
    "receivedKBytesPerSec" : 3.289674399448565,
    "sentKBytesPerSec" : 0.049508722231632954
  },
  "Fill in all required fields, click \"Place an order\"" : {
    "transaction" : "Fill in all required fields, click \"Place an order\"",
    "sampleCount" : 25,
    "errorCount" : 0,
    "errorPct" : 0.0,
    "meanResTime" : 103.8,
    "medianResTime" : 104.0,
    "minResTime" : 86.0,
    "maxResTime" : 128.0,
    "pct1ResTime" : 121.60000000000001,
    "pct2ResTime" : 126.8,
    "pct3ResTime" : 128.0,
    "throughput" : 0.081302399396411,
    "receivedKBytesPerSec" : 2.925682721654731,
    "sentKBytesPerSec" : 0.5758877612246092
  },
  "Fill in all required fields, click \"Place an order\"-0" : {
    "transaction" : "Fill in all required fields, click \"Place an order\"-0",
    "sampleCount" : 25,
    "errorCount" : 0,
    "errorPct" : 0.0,
    "meanResTime" : 73.75999999999999,
    "medianResTime" : 75.0,
    "minResTime" : 56.0,
    "maxResTime" : 98.0,
    "pct1ResTime" : 89.2,
    "pct2ResTime" : 95.89999999999999,
    "pct3ResTime" : 98.0,
    "throughput" : 0.08131059672220722,
    "receivedKBytesPerSec" : 0.03929271062696975,
    "sentKBytesPerSec" : 0.5171068093965777
  },
  "Fill in all required fields, click \"Place an order\"-1" : {
    "transaction" : "Fill in all required fields, click \"Place an order\"-1",
    "sampleCount" : 25,
    "errorCount" : 0,
    "errorPct" : 0.0,
    "meanResTime" : 29.759999999999998,
    "medianResTime" : 29.0,
    "minResTime" : 28.0,
    "maxResTime" : 33.0,
    "pct1ResTime" : 32.0,
    "pct2ResTime" : 32.7,
    "pct3ResTime" : 33.0,
    "throughput" : 0.08132858374404268,
    "receivedKBytesPerSec" : 2.8873235678036404,
    "sentKBytesPerSec" : 0.058852031791343386
  },
  "S01_TASK_T01_open_application" : {
    "transaction" : "S01_TASK_T01_open_application",
    "sampleCount" : 25,
    "errorCount" : 0,
    "errorPct" : 0.0,
    "meanResTime" : 73.15999999999998,
    "medianResTime" : 72.0,
    "minResTime" : 60.0,
    "maxResTime" : 110.0,
    "pct1ResTime" : 82.4,
    "pct2ResTime" : 102.79999999999998,
    "pct3ResTime" : 110.0,
    "throughput" : 0.07612435674918547,
    "receivedKBytesPerSec" : 3.9467951407919974,
    "sentKBytesPerSec" : 0.03635235395542157
  },
  "Total" : {
    "transaction" : "Total",
    "sampleCount" : 325,
    "errorCount" : 0,
    "errorPct" : 0.0,
    "meanResTime" : 55.29538461538464,
    "medianResTime" : 57.0,
    "minResTime" : 20.0,
    "maxResTime" : 128.0,
    "pct1ResTime" : 85.0,
    "pct2ResTime" : 99.39999999999998,
    "pct3ResTime" : 119.48000000000002,
    "throughput" : 0.861358401954886,
    "receivedKBytesPerSec" : 27.17453500312077,
    "sentKBytesPerSec" : 1.3839606948909522
  },
  "S01_TASK_T02_add_table_to_cart" : {
    "transaction" : "S01_TASK_T02_add_table_to_cart",
    "sampleCount" : 25,
    "errorCount" : 0,
    "errorPct" : 0.0,
    "meanResTime" : 155.56,
    "medianResTime" : 153.0,
    "minResTime" : 141.0,
    "maxResTime" : 170.0,
    "pct1ResTime" : 167.4,
    "pct2ResTime" : 169.4,
    "pct3ResTime" : 170.0,
    "throughput" : 0.07612806567720481,
    "receivedKBytesPerSec" : 7.059822409399989,
    "sentKBytesPerSec" : 0.15503956375573244
  },
  "Open Cart" : {
    "transaction" : "Open Cart",
    "sampleCount" : 25,
    "errorCount" : 0,
    "errorPct" : 0.0,
    "meanResTime" : 53.12,
    "medianResTime" : 57.0,
    "minResTime" : 38.0,
    "maxResTime" : 63.0,
    "pct1ResTime" : 63.0,
    "pct2ResTime" : 63.0,
    "pct3ResTime" : 63.0,
    "throughput" : 0.07551067872018462,
    "receivedKBytesPerSec" : 2.872140103834734,
    "sentKBytesPerSec" : 0.04807906496636754
  },
  "S01_TASK_T03_add_chair_to_cart" : {
    "transaction" : "S01_TASK_T03_add_chair_to_cart",
    "sampleCount" : 25,
    "errorCount" : 0,
    "errorPct" : 0.0,
    "meanResTime" : 161.24,
    "medianResTime" : 162.0,
    "minResTime" : 139.0,
    "maxResTime" : 188.0,
    "pct1ResTime" : 179.4,
    "pct2ResTime" : 186.5,
    "pct3ResTime" : 188.0,
    "throughput" : 0.07615148662932197,
    "receivedKBytesPerSec" : 6.7894285744746306,